x,-90 V,-80 V,-70 V,-60 V,-50 V,-40 V,-30 V
0.414,0.000002411,0.000003109,0.000002513,0.000001204,9.60E-08,0.00000063,0.000000602
0.197,0.000001844,0.000002711,0.000002243,0.000001029,-3.00E-10,0.000000573,0.000000598
-0.019,0.000001278,0.000002313,0.000001972,0.000000855,-9.70E-08,0.000000515,0.000000594
-0.236,0.000000711,0.000001916,0.000001701,0.000000681,-0.000000193,0.000000458,0.00000059
-0.452,0.000000144,0.000001518,0.00000143,0.000000507,-0.00000029,0.0000004,0.000000586
-0.669,-0.000000423,0.000001121,0.00000116,0.000000333,-0.000000386,0.000000343,0.000000583
-0.885,-0.000000989,0.000000723,0.000000889,0.000000159,-0.000000482,0.000000285,0.000000579
-1.102,-0.000001556,0.000000326,0.000000618,-1.50E-08,-0.000000579,0.000000228,0.000000575
-1.318,-0.000002123,-7.10E-08,0.000000348,-0.000000189,-0.000000675,0.00000017,0.000000571
-1.535,-0.000002689,-0.000000468,7.70E-08,-0.000000363,-0.000000772,0.000000113,0.000000568
-1.751,-0.000003256,-0.000000865,-0.000000193,-0.000000536,-0.000000868,5.50E-08,0.000000564
-1.968,-0.000003823,-0.000001261,-0.000000464,-0.00000071,-0.000000964,-2.00E-09,0.00000056
-2.184,-0.00000439,-0.000001658,-0.000000734,-0.000000883,-0.000001061,-6.00E-08,0.000000556
-2.401,-0.000004956,-0.000002054,-0.000001004,-0.000001056,-0.000001157,-0.000000117,0.000000553
-2.617,-0.000005523,-0.00000245,-0.000001274,-0.000001229,-0.000001253,-0.000000175,0.000000549
-2.834,-0.00000609,-0.000002845,-0.000001544,-0.000001402,-0.00000135,-0.000000232,0.000000545
-3.05,-0.000006656,-0.000003241,-0.000001814,-0.000001574,-0.000001446,-0.00000029,0.000000541
-3.267,-0.000007223,-0.000003636,-0.000002084,-0.000001746,-0.000001542,-0.000000347,0.000000537
-3.483,-0.00000779,-0.000004031,-0.000002354,-0.000001918,-0.000001638,-0.000000405,0.000000534
-3.7,-0.000008356,-0.000004425,-0.000002623,-0.00000209,-0.000001734,-0.000000463,0.00000053
-3.916,-0.000008923,-0.000004819,-0.000002893,-0.000002261,-0.00000183,-0.00000052,0.000000526
-4.133,-0.000009489,-0.000005212,-0.000003162,-0.000002433,-0.000001926,-0.000000578,0.000000522
-4.349,-0.000010056,-0.000005606,-0.000003431,-0.000002603,-0.000002023,-0.000000635,0.000000519
-4.566,-0.000010622,-0.000005998,-0.0000037,-0.000002774,-0.000002118,-0.000000693,0.000000515
-4.782,-0.000011189,-0.000006391,-0.000003969,-0.000002944,-0.000002214,-0.000000751,0.000000511
-4.999,-0.000011756,-0.000006782,-0.000004237,-0.000003114,-0.00000231,-0.000000808,0.000000507
-5.215,-0.000012322,-0.000007174,-0.000004506,-0.000003284,-0.000002406,-0.000000866,0.000000504
-5.432,-0.000012889,-0.000007565,-0.000004774,-0.000003453,-0.000002502,-0.000000924,0.0000005
-5.648,-0.000013455,-0.000007955,-0.000005042,-0.000003622,-0.000002598,-0.000000981,0.000000496
-5.865,-0.000014021,-0.000008345,-0.000005309,-0.00000379,-0.000002693,-0.000001039,0.000000492
-6.081,-0.000014588,-0.000008734,-0.000005577,-0.000003958,-0.000002789,-0.000001097,0.000000488
-6.298,-0.000015154,-0.000009123,-0.000005844,-0.000004126,-0.000002885,-0.000001154,0.000000485
-6.514,-0.000015721,-0.000009511,-0.000006111,-0.000004293,-0.00000298,-0.000001212,0.000000481
-6.731,-0.000016287,-0.000009898,-0.000006377,-0.00000446,-0.000003076,-0.00000127,0.000000477
-6.947,-0.000016853,-0.000010285,-0.000006644,-0.000004626,-0.000003171,-0.000001328,0.000000473
-7.164,-0.00001742,-0.000010671,-0.00000691,-0.000004792,-0.000003266,-0.000001386,0.00000047
-7.38,-0.000017986,-0.000011057,-0.000007176,-0.000004958,-0.000003362,-0.000001443,0.000000466
-7.597,-0.000018552,-0.000011442,-0.000007441,-0.000005123,-0.000003457,-0.000001501,0.000000462
-7.813,-0.000019119,-0.000011826,-0.000007706,-0.000005287,-0.000003552,-0.000001559,0.000000458
-8.03,-0.000019685,-0.00001221,-0.000007971,-0.000005451,-0.000003647,-0.000001617,0.000000455
-8.246,-0.000020251,-0.000012592,-0.000008236,-0.000005614,-0.000003742,-0.000001675,0.000000451
-8.463,-0.000020817,-0.000012975,-0.0000085,-0.000005777,-0.000003837,-0.000001733,0.000000447
-8.679,-0.000021383,-0.000013356,-0.000008764,-0.00000594,-0.000003931,-0.000001791,0.000000443
-8.895,-0.00002195,-0.000013737,-0.000009027,-0.000006102,-0.000004026,-0.000001849,0.00000044
-9.112,-0.000022516,-0.000014117,-0.00000929,-0.000006263,-0.000004121,-0.000001907,0.000000436
-9.328,-0.000023082,-0.000014496,-0.000009553,-0.000006424,-0.000004215,-0.000001965,0.000000432
-9.545,-0.000023648,-0.000014874,-0.000009816,-0.000006584,-0.00000431,-0.000002023,0.000000428
-9.761,-0.000024214,-0.000015252,-0.000010077,-0.000006743,-0.000004404,-0.000002081,0.000000424
-9.978,-0.00002478,-0.000015629,-0.000010339,-0.000006902,-0.000004498,-0.000002139,0.000000421
-10.194,-0.000025346,-0.000016005,-0.0000106,-0.000007061,-0.000004592,-0.000002197,0.000000417
-10.411,-0.000025911,-0.00001638,-0.000010861,-0.000007219,-0.000004686,-0.000002256,0.000000413
-10.627,-0.000026477,-0.000016755,-0.000011121,-0.000007376,-0.00000478,-0.000002314,0.000000409
-10.844,-0.000027043,-0.000017128,-0.000011381,-0.000007533,-0.000004874,-0.000002372,0.000000406
-11.06,-0.000027609,-0.000017501,-0.00001164,-0.000007688,-0.000004968,-0.000002431,0.000000402
-11.277,-0.000028175,-0.000017873,-0.000011899,-0.000007844,-0.000005061,-0.000002489,0.000000398
-11.493,-0.00002874,-0.000018244,-0.000012157,-0.000007999,-0.000005154,-0.000002547,0.000000394
-11.71,-0.000029306,-0.000018614,-0.000012415,-0.000008153,-0.000005248,-0.000002606,0.000000391
-11.926,-0.000029872,-0.000018984,-0.000012673,-0.000008306,-0.000005341,-0.000002664,0.000000387
-12.143,-0.000030437,-0.000019352,-0.00001293,-0.000008459,-0.000005434,-0.000002723,0.000000383
-12.359,-0.000031003,-0.00001972,-0.000013186,-0.000008611,-0.000005527,-0.000002781,0.000000379
-12.576,-0.000031569,-0.000020086,-0.000013442,-0.000008762,-0.000005619,-0.00000284,0.000000375
-12.792,-0.000032134,-0.000020452,-0.000013697,-0.000008913,-0.000005712,-0.000002899,0.000000372
-13.009,-0.000032699,-0.000020817,-0.000013952,-0.000009063,-0.000005804,-0.000002958,0.000000368
-13.225,-0.000033265,-0.000021181,-0.000014206,-0.000009213,-0.000005897,-0.000003016,0.000000364
-13.442,-0.00003383,-0.000021544,-0.000014459,-0.000009361,-0.000005989,-0.000003075,0.00000036
-13.658,-0.000034396,-0.000021906,-0.000014712,-0.000009509,-0.000006081,-0.000003134,0.000000357
-13.875,-0.000034961,-0.000022268,-0.000014964,-0.000009657,-0.000006172,-0.000003193,0.000000353
-14.091,-0.000035526,-0.000022628,-0.000015216,-0.000009803,-0.000006264,-0.000003252,0.000000349
-14.308,-0.000036091,-0.000022988,-0.000015467,-0.000009949,-0.000006355,-0.000003311,0.000000345
-14.524,-0.000036656,-0.000023346,-0.000015718,-0.000010094,-0.000006447,-0.00000337,0.000000342
-14.741,-0.000037222,-0.000023704,-0.000015967,-0.000010239,-0.000006538,-0.00000343,0.000000338
-14.957,-0.000037787,-0.00002406,-0.000016216,-0.000010382,-0.000006629,-0.000003489,0.000000334
-15.174,-0.000038352,-0.000024416,-0.000016465,-0.000010525,-0.000006719,-0.000003548,0.00000033
-15.39,-0.000038917,-0.000024771,-0.000016712,-0.000010668,-0.00000681,-0.000003608,0.000000326
-15.607,-0.000039482,-0.000025125,-0.000016959,-0.000010809,-0.0000069,-0.000003667,0.000000323
-15.823,-0.000040046,-0.000025478,-0.000017205,-0.00001095,-0.00000699,-0.000003727,0.000000319
-16.04,-0.000040611,-0.00002583,-0.000017451,-0.00001109,-0.00000708,-0.000003787,0.000000315
-16.256,-0.000041176,-0.000026181,-0.000017696,-0.000011229,-0.000007169,-0.000003847,0.000000311
-16.473,-0.000041741,-0.000026531,-0.00001794,-0.000011368,-0.000007258,-0.000003907,0.000000308
-16.689,-0.000042305,-0.00002688,-0.000018183,-0.000011506,-0.000007348,-0.000003967,0.000000304
-16.906,-0.00004287,-0.000027228,-0.000018425,-0.000011643,-0.000007436,-0.000004027,0.0000003
-17.122,-0.000043435,-0.000027576,-0.000018666,-0.000011779,-0.000007525,-0.000004087,0.000000296
-17.339,-0.000043999,-0.000027922,-0.000018907,-0.000011915,-0.000007613,-0.000004148,0.000000293
-17.555,-0.000044564,-0.000028267,-0.000019147,-0.00001205,-0.000007701,-0.000004208,0.000000289
-17.772,-0.000045128,-0.000028612,-0.000019386,-0.000012184,-0.000007789,-0.000004269,0.000000285
-17.988,-0.000045692,-0.000028955,-0.000019624,-0.000012317,-0.000007876,-0.000004329,0.000000281
-18.205,-0.000046257,-0.000029298,-0.000019861,-0.00001245,-0.000007964,-0.00000439,0.000000278
-18.421,-0.000046821,-0.000029639,-0.000020097,-0.000012582,-0.000008051,-0.000004452,0.000000274
-18.638,-0.000047385,-0.00002998,-0.000020333,-0.000012714,-0.000008137,-0.000004513,0.00000027
-18.854,-0.000047949,-0.00003032,-0.000020567,-0.000012844,-0.000008223,-0.000004574,0.000000266
-19.071,-0.000048513,-0.000030658,-0.000020801,-0.000012975,-0.000008309,-0.000004636,0.000000262
-19.287,-0.000049077,-0.000030996,-0.000021033,-0.000013104,-0.000008395,-0.000004697,0.000000259
-19.504,-0.000049641,-0.000031333,-0.000021264,-0.000013233,-0.00000848,-0.000004759,0.000000255
-19.72,-0.000050205,-0.000031669,-0.000021495,-0.000013361,-0.000008565,-0.00000482,0.000000251
-19.937,-0.000050769,-0.000032004,-0.000021724,-0.000013489,-0.000008649,-0.000004881,0.000000247
-20.153,-0.000051333,-0.000032338,-0.000021952,-0.000013616,-0.000008733,-0.000004942,0.000000244
-20.37,-0.000051897,-0.000032671,-0.00002218,-0.000013743,-0.000008817,-0.000005002,0.00000024
-20.586,-0.00005246,-0.000033003,-0.000022406,-0.000013868,-0.0000089,-0.000005061,0.000000236
-20.803,-0.000053024,-0.000033335,-0.000022631,-0.000013994,-0.000008983,-0.00000512,0.000000232
-21.019,-0.000053587,-0.000033665,-0.000022855,-0.000014118,-0.000009065,-0.000005178,0.000000229
-21.236,-0.000054151,-0.000033995,-0.000023077,-0.000014242,-0.000009147,-0.000005235,0.000000225
-21.452,-0.000054714,-0.000034323,-0.000023299,-0.000014366,-0.000009228,-0.00000529,0.000000221
-21.669,-0.000055278,-0.000034651,-0.000023519,-0.000014489,-0.000009309,-0.000005345,0.000000217
-21.885,-0.000055841,-0.000034978,-0.000023738,-0.000014611,-0.000009389,-0.000005399,0.000000213
-22.102,-0.000056404,-0.000035304,-0.000023956,-0.000014733,-0.000009469,-0.000005451,0.00000021
-22.318,-0.000056967,-0.000035629,-0.000024172,-0.000014854,-0.000009548,-0.000005501,0.000000206
-22.535,-0.000057531,-0.000035953,-0.000024388,-0.000014975,-0.000009626,-0.000005551,0.000000202
-22.751,-0.000058094,-0.000036277,-0.000024602,-0.000015095,-0.000009704,-0.000005599,0.000000198
-22.968,-0.000058657,-0.000036599,-0.000024814,-0.000015214,-0.000009781,-0.000005645,0.000000195
-23.184,-0.00005922,-0.000036921,-0.000025026,-0.000015333,-0.000009858,-0.00000569,0.000000191
-23.401,-0.000059782,-0.000037242,-0.000025236,-0.000015452,-0.000009934,-0.000005734,0.000000187
-23.617,-0.000060345,-0.000037562,-0.000025444,-0.00001557,-0.000010009,-0.000005776,0.000000183
-23.834,-0.000060908,-0.000037882,-0.000025652,-0.000015687,-0.000010083,-0.000005817,0.00000018
-24.05,-0.000061471,-0.0000382,-0.000025858,-0.000015804,-0.000010157,-0.000005856,0.000000176
-24.267,-0.000062033,-0.000038518,-0.000026063,-0.00001592,-0.000010229,-0.000005894,0.000000172
-24.483,-0.000062596,-0.000038835,-0.000026267,-0.000016036,-0.000010301,-0.000005931,0.000000168
-24.7,-0.000063158,-0.000039151,-0.000026469,-0.000016151,-0.000010372,-0.000005966,0.000000164
-24.916,-0.000063721,-0.000039467,-0.00002667,-0.000016266,-0.000010442,-0.000006,0.000000161
-25.133,-0.000064283,-0.000039782,-0.00002687,-0.00001638,-0.00001051,-0.000006033,0.000000157
-25.349,-0.000064845,-0.000040096,-0.000027069,-0.000016494,-0.000010578,-0.000006065,0.000000153
-25.566,-0.000065407,-0.000040409,-0.000027266,-0.000016607,-0.000010644,-0.000006095,0.000000149
-25.782,-0.000065969,-0.000040721,-0.000027463,-0.00001672,-0.000010709,-0.000006125,0.000000146
-25.999,-0.000066531,-0.000041033,-0.000027658,-0.000016832,-0.000010773,-0.000006153,0.000000142
-26.215,-0.000067093,-0.000041344,-0.000027852,-0.000016944,-0.000010835,-0.000006181,0.000000138
-26.432,-0.000067655,-0.000041654,-0.000028045,-0.000017055,-0.000010896,-0.000006207,0.000000134
-26.648,-0.000068217,-0.000041964,-0.000028236,-0.000017166,-0.000010955,-0.000006233,0.000000131
-26.865,-0.000068778,-0.000042273,-0.000028427,-0.000017276,-0.000011013,-0.000006258,0.000000127
-27.081,-0.00006934,-0.000042581,-0.000028616,-0.000017385,-0.00001107,-0.000006282,0.000000123
-27.298,-0.000069901,-0.000042888,-0.000028804,-0.000017494,-0.000011124,-0.000006305,0.000000119
-27.514,-0.000070462,-0.000043195,-0.000028991,-0.000017603,-0.000011177,-0.000006327,0.000000116
-27.731,-0.000071023,-0.000043501,-0.000029177,-0.000017711,-0.000011228,-0.000006348,0.000000112
-27.947,-0.000071584,-0.000043807,-0.000029362,-0.000017818,-0.000011278,-0.000006369,0.000000108
-28.164,-0.000072145,-0.000044111,-0.000029546,-0.000017926,-0.000011325,-0.000006389,0.000000104
-28.38,-0.000072705,-0.000044415,-0.000029729,-0.000018032,-0.000011371,-0.000006409,0.0000001
-28.597,-0.000073265,-0.000044718,-0.00002991,-0.000018138,-0.000011415,-0.000006428,9.70E-08
-28.813,-0.000073826,-0.000045021,-0.000030091,-0.000018243,-0.000011458,-0.000006446,9.30E-08
-29.03,-0.000074385,-0.000045323,-0.00003027,-0.000018348,-0.000011499,-0.000006464,8.90E-08
-29.246,-0.000074945,-0.000045624,-0.000030449,-0.000018453,-0.000011537,-0.000006481,8.50E-08
-29.463,-0.000075505,-0.000045925,-0.000030626,-0.000018557,-0.000011575,-0.000006498,8.20E-08
-29.679,-0.000076064,-0.000046224,-0.000030803,-0.00001866,-0.00001161,-0.000006514,7.80E-08
-29.895,-0.000076623,-0.000046524,-0.000030978,-0.000018763,-0.000011644,-0.000006529,7.40E-08
-30.112,-0.000077181,-0.000046822,-0.000031153,-0.000018865,-0.000011676,-0.000006544,7.00E-08
-30.328,-0.00007774,-0.00004712,-0.000031326,-0.000018967,-0.000011707,-0.000006559,6.70E-08
-30.545,-0.000078298,-0.000047417,-0.000031499,-0.000019068,-0.000011736,-0.000006573,6.30E-08
-30.761,-0.000078856,-0.000047714,-0.000031671,-0.000019169,-0.000011764,-0.000006587,5.90E-08
-30.978,-0.000079414,-0.000048009,-0.000031841,-0.000019269,-0.00001179,-0.000006601,5.50E-08
-31.194,-0.000079971,-0.000048305,-0.000032011,-0.000019369,-0.000011815,-0.000006614,5.10E-08
-31.411,-0.000080528,-0.000048599,-0.00003218,-0.000019468,-0.000011838,-0.000006626,4.80E-08
-31.627,-0.000081085,-0.000048893,-0.000032348,-0.000019566,-0.00001186,-0.000006639,4.40E-08
-31.844,-0.000081642,-0.000049186,-0.000032515,-0.000019664,-0.000011882,-0.000006651,4.00E-08
-32.06,-0.000082198,-0.000049479,-0.000032682,-0.000019762,-0.000011902,-0.000006662,3.60E-08
-32.277,-0.000082754,-0.000049771,-0.000032847,-0.000019859,-0.00001192,-0.000006674,3.30E-08
-32.493,-0.000083309,-0.000050062,-0.000033012,-0.000019955,-0.000011938,-0.000006685,2.90E-08
-32.71,-0.000083865,-0.000050352,-0.000033176,-0.000020051,-0.000011955,-0.000006695,2.50E-08
-32.926,-0.00008442,-0.000050642,-0.000033339,-0.000020146,-0.000011971,-0.000006706,2.10E-08
-33.143,-0.000084974,-0.000050932,-0.000033501,-0.00002024,-0.000011986,-0.000006716,1.80E-08
-33.359,-0.000085528,-0.00005122,-0.000033663,-0.000020334,-0.000012001,-0.000006726,1.40E-08
-33.576,-0.000086082,-0.000051508,-0.000033824,-0.000020427,-0.000012014,-0.000006735,1.00E-08
-33.792,-0.000086636,-0.000051795,-0.000033984,-0.00002052,-0.000012027,-0.000006745,6.00E-09
-34.009,-0.000087189,-0.000052082,-0.000034143,-0.000020612,-0.000012039,-0.000006754,3.00E-09
-34.225,-0.000087741,-0.000052368,-0.000034302,-0.000020703,-0.00001205,-0.000006763,-1.00E-09
-34.442,-0.000088294,-0.000052654,-0.000034461,-0.000020794,-0.000012061,-0.000006771,-5.00E-09
-34.658,-0.000088846,-0.000052938,-0.000034618,-0.000020884,-0.000012072,-0.00000678,-9.00E-09
-34.875,-0.000089397,-0.000053222,-0.000034775,-0.000020973,-0.000012082,-0.000006788,-1.30E-08
-35.091,-0.000089948,-0.000053506,-0.000034932,-0.000021062,-0.000012091,-0.000006796,-1.60E-08
-35.308,-0.000090499,-0.000053789,-0.000035088,-0.00002115,-0.0000121,-0.000006804,-2.00E-08
-35.524,-0.000091049,-0.000054071,-0.000035243,-0.000021237,-0.000012108,-0.000006811,-2.40E-08
-35.741,-0.000091599,-0.000054352,-0.000035398,-0.000021324,-0.000012116,-0.000006819,-2.80E-08
-35.957,-0.000092148,-0.000054633,-0.000035553,-0.00002141,-0.000012124,-0.000006826,-3.10E-08
-36.174,-0.000092697,-0.000054913,-0.000035707,-0.000021494,-0.000012131,-0.000006833,-3.50E-08
-36.39,-0.000093245,-0.000055193,-0.00003586,-0.000021578,-0.000012138,-0.00000684,-3.90E-08
-36.607,-0.000093793,-0.000055472,-0.000036014,-0.000021661,-0.000012145,-0.000006847,-4.30E-08
-36.823,-0.000094341,-0.00005575,-0.000036167,-0.000021743,-0.000012152,-0.000006853,-4.60E-08
-37.04,-0.000094888,-0.000056027,-0.00003632,-0.000021824,-0.000012158,-0.000006859,-5.00E-08
-37.256,-0.000095434,-0.000056304,-0.000036472,-0.000021904,-0.000012164,-0.000006866,-5.40E-08
-37.473,-0.00009598,-0.000056581,-0.000036624,-0.000021982,-0.00001217,-0.000006872,-5.80E-08
-37.689,-0.000096526,-0.000056856,-0.000036776,-0.00002206,-0.000012175,-0.000006878,-6.20E-08
-37.906,-0.000097071,-0.000057131,-0.000036928,-0.000022136,-0.00001218,-0.000006883,-6.50E-08
-38.122,-0.000097616,-0.000057405,-0.00003708,-0.000022211,-0.000012186,-0.000006889,-6.90E-08
-38.339,-0.00009816,-0.000057679,-0.000037232,-0.000022285,-0.000012191,-0.000006894,-7.30E-08
-38.555,-0.000098703,-0.000057952,-0.000037383,-0.000022357,-0.000012196,-0.0000069,-7.70E-08
-38.772,-0.000099246,-0.000058224,-0.000037535,-0.000022429,-0.000012201,-0.000006905,-8.00E-08
-38.988,-0.000099788,-0.000058496,-0.000037687,-0.000022499,-0.000012205,-0.00000691,-8.40E-08
-39.205,-0.00010033,-0.000058767,-0.000037839,-0.000022567,-0.00001221,-0.000006915,-8.80E-08
-39.421,-0.000100871,-0.000059037,-0.000037991,-0.000022635,-0.000012214,-0.00000692,-9.20E-08
-39.638,-0.000101412,-0.000059307,-0.000038144,-0.000022701,-0.000012219,-0.000006925,-9.50E-08
-39.854,-0.000101952,-0.000059576,-0.000038296,-0.000022766,-0.000012223,-0.000006929,-9.90E-08
-40.071,-0.000102492,-0.000059844,-0.00003845,-0.000022829,-0.000012227,-0.000006934,-0.000000103
-40.287,-0.000103031,-0.000060112,-0.000038603,-0.000022891,-0.000012231,-0.000006938,-0.000000107
-40.504,-0.000103569,-0.000060379,-0.000038757,-0.000022952,-0.000012235,-0.000006942,-0.000000111
-40.72,-0.000104107,-0.000060645,-0.000038911,-0.000023012,-0.00001224,-0.000006947,-0.000000114
-40.937,-0.000104644,-0.000060911,-0.000039065,-0.00002307,-0.000012244,-0.000006951,-0.000000118
-41.153,-0.000105181,-0.000061175,-0.000039219,-0.000023127,-0.000012248,-0.000006955,-0.000000122
-41.37,-0.000105717,-0.00006144,-0.000039373,-0.000023183,-0.000012252,-0.000006959,-0.000000126
-41.586,-0.000106252,-0.000061703,-0.000039527,-0.000023238,-0.000012255,-0.000006962,-0.000000129
-41.803,-0.000106787,-0.000061966,-0.000039679,-0.000023291,-0.000012259,-0.000006966,-0.000000133
-42.019,-0.000107321,-0.000062228,-0.000039831,-0.000023343,-0.000012263,-0.00000697,-0.000000137
-42.236,-0.000107855,-0.000062489,-0.000039983,-0.000023395,-0.000012267,-0.000006973,-0.000000141
-42.452,-0.000108387,-0.00006275,-0.000040133,-0.000023445,-0.000012271,-0.000006977,-0.000000144
-42.669,-0.00010892,-0.00006301,-0.000040282,-0.000023493,-0.000012275,-0.00000698,-0.000000148
-42.885,-0.000109451,-0.000063269,-0.000040429,-0.000023541,-0.000012279,-0.000006984,-0.000000152
-43.102,-0.000109982,-0.000063528,-0.000040575,-0.000023588,-0.000012283,-0.000006987,-0.000000156
-43.318,-0.000110512,-0.000063786,-0.000040719,-0.000023634,-0.000012287,-0.00000699,-0.000000159
-43.535,-0.000111042,-0.000064043,-0.000040862,-0.000023679,-0.000012291,-0.000006993,-0.000000163
-43.751,-0.00011157,-0.000064299,-0.000041003,-0.000023722,-0.000012295,-0.000006996,-0.000000167
-43.968,-0.000112098,-0.000064555,-0.000041141,-0.000023765,-0.000012299,-0.000006999,-0.000000171
-44.184,-0.000112626,-0.00006481,-0.000041278,-0.000023807,-0.000012303,-0.000007002,-0.000000175
-44.401,-0.000113152,-0.000065064,-0.000041413,-0.000023848,-0.000012307,-0.000007005,-0.000000178
-44.617,-0.000113678,-0.000065317,-0.000041545,-0.000023888,-0.000012311,-0.000007008,-0.000000182
-44.834,-0.000114204,-0.00006557,-0.000041675,-0.000023928,-0.000012315,-0.00000701,-0.000000186
-45.05,-0.000114728,-0.000065822,-0.000041803,-0.000023966,-0.000012319,-0.000007013,-0.00000019
-45.267,-0.000115252,-0.000066073,-0.000041929,-0.000024004,-0.000012323,-0.000007015,-0.000000193
-45.483,-0.000115775,-0.000066323,-0.000042053,-0.000024041,-0.000012327,-0.000007018,-0.000000197
-45.7,-0.000116297,-0.000066573,-0.000042174,-0.000024078,-0.000012331,-0.00000702,-0.000000201
-45.916,-0.000116819,-0.000066822,-0.000042293,-0.000024113,-0.000012335,-0.000007023,-0.000000205
-46.133,-0.000117339,-0.00006707,-0.00004241,-0.000024148,-0.00001234,-0.000007025,-0.000000208
-46.349,-0.000117859,-0.000067317,-0.000042525,-0.000024182,-0.000012344,-0.000007027,-0.000000212
-46.566,-0.000118379,-0.000067563,-0.000042637,-0.000024216,-0.000012348,-0.00000703,-0.000000216
-46.782,-0.000118897,-0.000067809,-0.000042748,-0.000024249,-0.000012352,-0.000007032,-0.00000022
-46.999,-0.000119415,-0.000068054,-0.000042856,-0.000024281,-0.000012357,-0.000007034,-0.000000224
-47.215,-0.000119932,-0.000068298,-0.000042962,-0.000024313,-0.000012361,-0.000007036,-0.000000227
-47.432,-0.000120448,-0.000068541,-0.000043066,-0.000024344,-0.000012366,-0.000007038,-0.000000231
-47.648,-0.000120963,-0.000068783,-0.000043168,-0.000024375,-0.00001237,-0.00000704,-0.000000235
-47.865,-0.000121477,-0.000069025,-0.000043268,-0.000024405,-0.000012375,-0.000007042,-0.000000239
-48.081,-0.000121991,-0.000069266,-0.000043366,-0.000024435,-0.000012379,-0.000007044,-0.000000242
-48.298,-0.000122504,-0.000069506,-0.000043463,-0.000024464,-0.000012384,-0.000007046,-0.000000246
-48.514,-0.000123016,-0.000069745,-0.000043557,-0.000024493,-0.000012388,-0.000007048,-0.00000025
-48.731,-0.000123527,-0.000069983,-0.00004365,-0.000024521,-0.000012393,-0.000007049,-0.000000254
-48.947,-0.000124037,-0.000070221,-0.000043741,-0.000024549,-0.000012397,-0.000007051,-0.000000257
-49.164,-0.000124546,-0.000070457,-0.00004383,-0.000024577,-0.000012402,-0.000007053,-0.000000261
-49.38,-0.000125055,-0.000070693,-0.000043918,-0.000024604,-0.000012407,-0.000007054,-0.000000265
-49.597,-0.000125563,-0.000070928,-0.000044004,-0.00002463,-0.000012411,-0.000007056,-0.000000269
-49.813,-0.000126069,-0.000071162,-0.000044088,-0.000024656,-0.000012416,-0.000007058,-0.000000273
-50.03,-0.000126575,-0.000071396,-0.000044171,-0.000024682,-0.000012421,-0.000007059,-0.000000276
-50.246,-0.00012708,-0.000071628,-0.000044253,-0.000024708,-0.000012426,-0.00000706,-0.00000028
-50.463,-0.000127585,-0.00007186,-0.000044333,-0.000024733,-0.00001243,-0.000007062,-0.000000284
-50.679,-0.000128088,-0.000072091,-0.000044412,-0.000024758,-0.000012435,-0.000007063,-0.000000288
-50.895,-0.00012859,-0.000072321,-0.000044489,-0.000024782,-0.00001244,-0.000007065,-0.000000291
-51.112,-0.000129092,-0.00007255,-0.000044565,-0.000024806,-0.000012445,-0.000007066,-0.000000295
-51.328,-0.000129592,-0.000072778,-0.00004464,-0.00002483,-0.00001245,-0.000007067,-0.000000299
-51.545,-0.000130092,-0.000073006,-0.000044714,-0.000024854,-0.000012455,-0.000007068,-0.000000303
-51.761,-0.000130591,-0.000073233,-0.000044786,-0.000024877,-0.000012459,-0.00000707,-0.000000306
-51.978,-0.000131088,-0.000073458,-0.000044858,-0.0000249,-0.000012464,-0.000007071,-0.00000031
-52.194,-0.000131585,-0.000073683,-0.000044928,-0.000024923,-0.000012469,-0.000007072,-0.000000314
-52.411,-0.000132081,-0.000073908,-0.000044997,-0.000024945,-0.000012474,-0.000007073,-0.000000318
-52.627,-0.000132576,-0.000074131,-0.000045065,-0.000024967,-0.000012479,-0.000007074,-0.000000321
-52.844,-0.00013307,-0.000074353,-0.000045132,-0.000024989,-0.000012484,-0.000007075,-0.000000325
-53.06,-0.000133563,-0.000074575,-0.000045198,-0.000025011,-0.000012489,-0.000007076,-0.000000329
-53.277,-0.000134055,-0.000074796,-0.000045263,-0.000025033,-0.000012494,-0.000007077,-0.000000333
-53.493,-0.000134546,-0.000075016,-0.000045327,-0.000025054,-0.000012499,-0.000007078,-0.000000337
-53.71,-0.000135036,-0.000075235,-0.00004539,-0.000025075,-0.000012504,-0.000007079,-0.00000034
-53.926,-0.000135525,-0.000075453,-0.000045452,-0.000025096,-0.000012509,-0.00000708,-0.000000344
-54.143,-0.000136013,-0.00007567,-0.000045513,-0.000025117,-0.000012514,-0.000007081,-0.000000348
-54.359,-0.0001365,-0.000075887,-0.000045574,-0.000025137,-0.000012519,-0.000007082,-0.000000352
-54.576,-0.000136986,-0.000076102,-0.000045633,-0.000025157,-0.000012524,-0.000007082,-0.000000355
-54.792,-0.000137471,-0.000076317,-0.000045692,-0.000025177,-0.000012529,-0.000007083,-0.000000359
-55.009,-0.000137955,-0.000076531,-0.00004575,-0.000025197,-0.000012534,-0.000007084,-0.000000363
-55.225,-0.000138438,-0.000076744,-0.000045807,-0.000025217,-0.00001254,-0.000007085,-0.000000367
-55.442,-0.00013892,-0.000076956,-0.000045864,-0.000025237,-0.000012545,-0.000007085,-0.00000037
-55.658,-0.000139401,-0.000077167,-0.00004592,-0.000025256,-0.00001255,-0.000007086,-0.000000374
-55.875,-0.00013988,-0.000077377,-0.000045975,-0.000025275,-0.000012555,-0.000007087,-0.000000378
-56.091,-0.000140359,-0.000077587,-0.000046029,-0.000025294,-0.00001256,-0.000007087,-0.000000382
-56.308,-0.000140837,-0.000077795,-0.000046083,-0.000025313,-0.000012565,-0.000007088,-0.000000386
-56.524,-0.000141313,-0.000078003,-0.000046136,-0.000025332,-0.00001257,-0.000007088,-0.000000389
-56.741,-0.000141788,-0.00007821,-0.000046188,-0.000025351,-0.000012576,-0.000007089,-0.000000393
-56.957,-0.000142263,-0.000078416,-0.00004624,-0.000025369,-0.000012581,-0.000007089,-0.000000397
-57.174,-0.000142736,-0.000078621,-0.000046291,-0.000025388,-0.000012586,-0.00000709,-0.000000401
-57.39,-0.000143208,-0.000078825,-0.000046341,-0.000025406,-0.000012591,-0.00000709,-0.000000404
-57.607,-0.000143679,-0.000079028,-0.000046391,-0.000025424,-0.000012597,-0.000007091,-0.000000408
-57.823,-0.000144149,-0.00007923,-0.000046441,-0.000025442,-0.000012602,-0.000007091,-0.000000412
-58.04,-0.000144617,-0.000079432,-0.00004649,-0.00002546,-0.000012607,-0.000007092,-0.000000416
-58.256,-0.000145085,-0.000079632,-0.000046538,-0.000025478,-0.000012612,-0.000007092,-0.000000419
-58.473,-0.000145551,-0.000079832,-0.000046586,-0.000025496,-0.000012618,-0.000007092,-0.000000423
-58.689,-0.000146016,-0.00008003,-0.000046633,-0.000025513,-0.000012623,-0.000007093,-0.000000427
-58.906,-0.00014648,-0.000080228,-0.000046679,-0.000025531,-0.000012628,-0.000007093,-0.000000431
-59.122,-0.000146943,-0.000080425,-0.000046726,-0.000025548,-0.000012634,-0.000007093,-0.000000435
-59.339,-0.000147405,-0.00008062,-0.000046771,-0.000025565,-0.000012639,-0.000007093,-0.000000438
-59.555,-0.000147865,-0.000080815,-0.000046817,-0.000025582,-0.000012644,-0.000007094,-0.000000442
-59.772,-0.000148324,-0.000081009,-0.000046861,-0.000025599,-0.00001265,-0.000007094,-0.000000446
-59.988,-0.000148782,-0.000081202,-0.000046906,-0.000025616,-0.000012655,-0.000007094,-0.00000045
-60.205,-0.000149239,-0.000081394,-0.00004695,-0.000025633,-0.00001266,-0.000007094,-0.000000453
-60.421,-0.000149694,-0.000081585,-0.000046993,-0.00002565,-0.000012666,-0.000007094,-0.000000457
-60.638,-0.000150148,-0.000081775,-0.000047036,-0.000025667,-0.000012671,-0.000007094,-0.000000461
-60.854,-0.000150601,-0.000081964,-0.000047079,-0.000025683,-0.000012676,-0.000007095,-0.000000465
-61.071,-0.000151053,-0.000082152,-0.000047121,-0.0000257,-0.000012682,-0.000007095,-0.000000468
-61.287,-0.000151503,-0.00008234,-0.000047163,-0.000025716,-0.000012687,-0.000007095,-0.000000472
-61.504,-0.000151952,-0.000082526,-0.000047204,-0.000025733,-0.000012693,-0.000007095,-0.000000476
-61.72,-0.0001524,-0.000082711,-0.000047245,-0.000025749,-0.000012698,-0.000007095,-0.00000048
-61.937,-0.000152846,-0.000082895,-0.000047286,-0.000025765,-0.000012703,-0.000007095,-0.000000483
-62.153,-0.000153291,-0.000083078,-0.000047327,-0.000025781,-0.000012709,-0.000007095,-0.000000487
-62.37,-0.000153735,-0.00008326,-0.000047367,-0.000025797,-0.000012714,-0.000007095,-0.000000491
-62.586,-0.000154177,-0.000083442,-0.000047407,-0.000025813,-0.00001272,-0.000007095,-0.000000495
-62.803,-0.000154618,-0.000083622,-0.000047446,-0.000025829,-0.000012725,-0.000007095,-0.000000499
-63.019,-0.000155058,-0.000083801,-0.000047485,-0.000025845,-0.000012731,-0.000007095,-0.000000502
-63.236,-0.000155496,-0.000083979,-0.000047524,-0.000025861,-0.000012736,-0.000007094,-0.000000506
-63.452,-0.000155932,-0.000084156,-0.000047563,-0.000025876,-0.000012742,-0.000007094,-0.00000051
-63.669,-0.000156368,-0.000084332,-0.000047601,-0.000025892,-0.000012747,-0.000007094,-0.000000514
-63.885,-0.000156802,-0.000084507,-0.000047639,-0.000025908,-0.000012753,-0.000007094,-0.000000517
-64.102,-0.000157234,-0.000084681,-0.000047677,-0.000025923,-0.000012758,-0.000007094,-0.000000521
-64.318,-0.000157665,-0.000084854,-0.000047715,-0.000025939,-0.000012764,-0.000007094,-0.000000525
-64.535,-0.000158095,-0.000085026,-0.000047752,-0.000025954,-0.000012769,-0.000007094,-0.000000529
-64.751,-0.000158523,-0.000085196,-0.000047789,-0.000025969,-0.000012775,-0.000007093,-0.000000532
-64.968,-0.00015895,-0.000085366,-0.000047826,-0.000025984,-0.00001278,-0.000007093,-0.000000536
-65.184,-0.000159375,-0.000085534,-0.000047862,-0.000026,-0.000012786,-0.000007093,-0.00000054
-65.401,-0.000159798,-0.000085702,-0.000047899,-0.000026015,-0.000012791,-0.000007093,-0.000000544
-65.617,-0.00016022,-0.000085868,-0.000047935,-0.00002603,-0.000012797,-0.000007092,-0.000000548
-65.834,-0.000160641,-0.000086033,-0.000047971,-0.000026045,-0.000012802,-0.000007092,-0.000000551
-66.05,-0.00016106,-0.000086197,-0.000048006,-0.00002606,-0.000012808,-0.000007092,-0.000000555
-66.267,-0.000161477,-0.00008636,-0.000048042,-0.000026075,-0.000012813,-0.000007091,-0.000000559
-66.483,-0.000161893,-0.000086522,-0.000048077,-0.00002609,-0.000012819,-0.000007091,-0.000000563
-66.7,-0.000162307,-0.000086683,-0.000048112,-0.000026105,-0.000012825,-0.000007091,-0.000000566
-66.916,-0.00016272,-0.000086842,-0.000048147,-0.000026119,-0.00001283,-0.00000709,-0.00000057
-67.133,-0.000163131,-0.000087,-0.000048182,-0.000026134,-0.000012836,-0.00000709,-0.000000574
-67.349,-0.00016354,-0.000087157,-0.000048216,-0.000026149,-0.000012841,-0.00000709,-0.000000578
-67.566,-0.000163948,-0.000087313,-0.000048251,-0.000026163,-0.000012847,-0.000007089,-0.000000581
-67.782,-0.000164354,-0.000087468,-0.000048285,-0.000026178,-0.000012853,-0.000007089,-0.000000585
-67.999,-0.000164758,-0.000087621,-0.000048319,-0.000026193,-0.000012858,-0.000007088,-0.000000589
-68.215,-0.000165161,-0.000087773,-0.000048353,-0.000026207,-0.000012864,-0.000007088,-0.000000593
-68.432,-0.000165562,-0.000087924,-0.000048386,-0.000026221,-0.000012869,-0.000007088,-0.000000597
-68.648,-0.000165961,-0.000088074,-0.00004842,-0.000026236,-0.000012875,-0.000007087,-0.0000006
-68.865,-0.000166358,-0.000088222,-0.000048453,-0.00002625,-0.000012881,-0.000007087,-0.000000604
-69.081,-0.000166754,-0.00008837,-0.000048486,-0.000026265,-0.000012886,-0.000007086,-0.000000608
-69.298,-0.000167147,-0.000088515,-0.000048519,-0.000026279,-0.000012892,-0.000007086,-0.000000612
-69.514,-0.000167539,-0.00008866,-0.000048552,-0.000026293,-0.000012897,-0.000007085,-0.000000615
-69.731,-0.00016793,-0.000088803,-0.000048584,-0.000026307,-0.000012903,-0.000007085,-0.000000619
-69.947,-0.000168318,-0.000088945,-0.000048617,-0.000026321,-0.000012909,-0.000007084,-0.000000623
-70.164,-0.000168704,-0.000089085,-0.000048649,-0.000026336,-0.000012914,-0.000007084,-0.000000627
-70.38,-0.000169089,-0.000089224,-0.000048681,-0.00002635,-0.00001292,-0.000007083,-0.00000063
-70.597,-0.000169472,-0.000089362,-0.000048713,-0.000026364,-0.000012926,-0.000007082,-0.000000634
-70.813,-0.000169852,-0.000089498,-0.000048745,-0.000026378,-0.000012931,-0.000007082,-0.000000638
-71.03,-0.000170231,-0.000089633,-0.000048777,-0.000026392,-0.000012937,-0.000007081,-0.000000642
-71.246,-0.000170608,-0.000089767,-0.000048809,-0.000026406,-0.000012943,-0.000007081,-0.000000645
-71.463,-0.000170983,-0.000089899,-0.00004884,-0.000026419,-0.000012948,-0.00000708,-0.000000649
-71.679,-0.000171356,-0.00009003,-0.000048871,-0.000026433,-0.000012954,-0.000007079,-0.000000653
-71.895,-0.000171727,-0.000090159,-0.000048903,-0.000026447,-0.00001296,-0.000007079,-0.000000657
-72.112,-0.000172096,-0.000090287,-0.000048934,-0.000026461,-0.000012966,-0.000007078,-0.000000661
-72.328,-0.000172462,-0.000090413,-0.000048965,-0.000026475,-0.000012971,-0.000007077,-0.000000664
-72.545,-0.000172827,-0.000090538,-0.000048995,-0.000026488,-0.000012977,-0.000007077,-0.000000668
-72.761,-0.00017319,-0.000090661,-0.000049026,-0.000026502,-0.000012983,-0.000007076,-0.000000672
-72.978,-0.00017355,-0.000090783,-0.000049057,-0.000026516,-0.000012988,-0.000007075,-0.000000676
-73.194,-0.000173908,-0.000090904,-0.000049087,-0.000026529,-0.000012994,-0.000007075,-0.000000679
-73.411,-0.000174264,-0.000091023,-0.000049118,-0.000026543,-0.000013,-0.000007074,-0.000000683
-73.627,-0.000174618,-0.000091141,-0.000049148,-0.000026557,-0.000013006,-0.000007073,-0.000000687
-73.844,-0.00017497,-0.000091257,-0.000049178,-0.00002657,-0.000013011,-0.000007072,-0.000000691
-74.06,-0.000175319,-0.000091372,-0.000049208,-0.000026584,-0.000013017,-0.000007072,-0.000000694
-74.277,-0.000175667,-0.000091485,-0.000049238,-0.000026597,-0.000013023,-0.000007071,-0.000000698
-74.493,-0.000176011,-0.000091597,-0.000049267,-0.00002661,-0.000013028,-0.00000707,-0.000000702
-74.71,-0.000176354,-0.000091707,-0.000049297,-0.000026624,-0.000013034,-0.000007069,-0.000000706
-74.926,-0.000176694,-0.000091816,-0.000049327,-0.000026637,-0.00001304,-0.000007069,-0.00000071
-75.143,-0.000177032,-0.000091924,-0.000049356,-0.000026651,-0.000013046,-0.000007068,-0.000000713
-75.359,-0.000177367,-0.00009203,-0.000049385,-0.000026664,-0.000013051,-0.000007067,-0.000000717
-75.576,-0.0001777,-0.000092135,-0.000049415,-0.000026677,-0.000013057,-0.000007066,-0.000000721
-75.792,-0.00017803,-0.000092238,-0.000049444,-0.000026691,-0.000013063,-0.000007065,-0.000000725
-76.009,-0.000178358,-0.000092339,-0.000049473,-0.000026704,-0.000013069,-0.000007065,-0.000000728
-76.225,-0.000178684,-0.00009244,-0.000049502,-0.000026717,-0.000013074,-0.000007064,-0.000000732
-76.442,-0.000179007,-0.000092539,-0.00004953,-0.00002673,-0.00001308,-0.000007063,-0.000000736
-76.658,-0.000179327,-0.000092636,-0.000049559,-0.000026743,-0.000013086,-0.000007062,-0.00000074
-76.875,-0.000179645,-0.000092732,-0.000049588,-0.000026757,-0.000013092,-0.000007061,-0.000000743
-77.091,-0.00017996,-0.000092827,-0.000049616,-0.00002677,-0.000013098,-0.00000706,-0.000000747
-77.308,-0.000180272,-0.00009292,-0.000049645,-0.000026783,-0.000013103,-0.000007059,-0.000000751
-77.524,-0.000180581,-0.000093012,-0.000049673,-0.000026796,-0.000013109,-0.000007059,-0.000000755
-77.741,-0.000180888,-0.000093103,-0.000049701,-0.000026809,-0.000013115,-0.000007058,-0.000000758
-77.957,-0.000181192,-0.000093192,-0.000049729,-0.000026822,-0.000013121,-0.000007057,-0.000000762
-78.174,-0.000181493,-0.00009328,-0.000049757,-0.000026835,-0.000013127,-0.000007056,-0.000000766
-78.39,-0.000181792,-0.000093366,-0.000049785,-0.000026848,-0.000013132,-0.000007055,-0.00000077
-78.607,-0.000182087,-0.000093452,-0.000049813,-0.000026861,-0.000013138,-0.000007054,-0.000000774
-78.823,-0.000182379,-0.000093536,-0.000049841,-0.000026874,-0.000013144,-0.000007053,-0.000000777
-79.04,-0.000182669,-0.000093618,-0.000049869,-0.000026887,-0.00001315,-0.000007052,-0.000000781
-79.256,-0.000182955,-0.0000937,-0.000049896,-0.0000269,-0.000013156,-0.000007051,-0.000000785
-79.473,-0.000183239,-0.00009378,-0.000049924,-0.000026913,-0.000013161,-0.00000705,-0.000000789
-79.689,-0.000183519,-0.000093859,-0.000049951,-0.000026926,-0.000013167,-0.000007049,-0.000000792
-79.906,-0.000183796,-0.000093937,-0.000049979,-0.000026938,-0.000013173,-0.000007048,-0.000000796
-80.122,-0.00018407,-0.000094014,-0.000050006,-0.000026951,-0.000013179,-0.000007047,-0.0000008
-80.339,-0.000184341,-0.00009409,-0.000050033,-0.000026964,-0.000013185,-0.000007046,-0.000000804
-80.555,-0.000184608,-0.000094164,-0.00005006,-0.000026977,-0.00001319,-0.000007045,-0.000000807
-80.772,-0.000184872,-0.000094238,-0.000050087,-0.00002699,-0.000013196,-0.000007044,-0.000000811
-80.988,-0.000185133,-0.00009431,-0.000050114,-0.000027002,-0.000013202,-0.000007043,-0.000000815
-81.205,-0.00018539,-0.000094382,-0.000050141,-0.000027015,-0.000013208,-0.000007042,-0.000000819
-81.421,-0.000185645,-0.000094452,-0.000050168,-0.000027028,-0.000013214,-0.000007041,-0.000000823
-81.638,-0.000185896,-0.000094522,-0.000050194,-0.00002704,-0.00001322,-0.00000704,-0.000000826
-81.854,-0.000186143,-0.000094591,-0.000050221,-0.000027053,-0.000013225,-0.000007039,-0.00000083
-82.071,-0.000186388,-0.000094658,-0.000050247,-0.000027066,-0.000013231,-0.000007038,-0.000000834
-82.287,-0.000186629,-0.000094725,-0.000050274,-0.000027078,-0.000013237,-0.000007037,-0.000000838
-82.504,-0.000186866,-0.000094791,-0.0000503,-0.000027091,-0.000013243,-0.000007036,-0.000000841
-82.72,-0.000187101,-0.000094857,-0.000050327,-0.000027104,-0.000013249,-0.000007035,-0.000000845
-82.937,-0.000187332,-0.000094921,-0.000050353,-0.000027116,-0.000013255,-0.000007034,-0.000000849
-83.153,-0.00018756,-0.000094985,-0.000050379,-0.000027129,-0.000013261,-0.000007033,-0.000000853
-83.37,-0.000187785,-0.000095048,-0.000050405,-0.000027141,-0.000013266,-0.000007032,-0.000000856
-83.586,-0.000188006,-0.000095111,-0.000050431,-0.000027154,-0.000013272,-0.000007031,-0.00000086
-83.803,-0.000188224,-0.000095173,-0.000050457,-0.000027166,-0.000013278,-0.00000703,-0.000000864
-84.019,-0.000188439,-0.000095234,-0.000050483,-0.000027179,-0.000013284,-0.000007029,-0.000000868
-84.236,-0.000188651,-0.000095295,-0.000050509,-0.000027191,-0.00001329,-0.000007028,-0.000000872
-84.452,-0.00018886,-0.000095355,-0.000050535,-0.000027204,-0.000013296,-0.000007027,-0.000000875
-84.669,-0.000189065,-0.000095415,-0.00005056,-0.000027216,-0.000013302,-0.000007025,-0.000000879
-84.885,-0.000189267,-0.000095474,-0.000050586,-0.000027229,-0.000013307,-0.000007024,-0.000000883
-85.102,-0.000189466,-0.000095533,-0.000050611,-0.000027241,-0.000013313,-0.000007023,-0.000000887
-85.318,-0.000189662,-0.000095592,-0.000050637,-0.000027254,-0.000013319,-0.000007022,-0.00000089
-85.535,-0.000189854,-0.00009565,-0.000050662,-0.000027266,-0.000013325,-0.000007021,-0.000000894
-85.751,-0.000190044,-0.000095708,-0.000050688,-0.000027279,-0.000013331,-0.00000702,-0.000000898
-85.968,-0.00019023,-0.000095766,-0.000050713,-0.000027291,-0.000013337,-0.000007019,-0.000000902
-86.184,-0.000190413,-0.000095824,-0.000050738,-0.000027303,-0.000013343,-0.000007018,-0.000000905
-86.401,-0.000190593,-0.000095881,-0.000050763,-0.000027316,-0.000013349,-0.000007016,-0.000000909
-86.617,-0.00019077,-0.000095939,-0.000050788,-0.000027328,-0.000013354,-0.000007015,-0.000000913
-86.834,-0.000190944,-0.000095996,-0.000050813,-0.00002734,-0.00001336,-0.000007014,-0.000000917
-87.05,-0.000191115,-0.000096053,-0.000050838,-0.000027353,-0.000013366,-0.000007013,-0.00000092
-87.267,-0.000191283,-0.000096111,-0.000050863,-0.000027365,-0.000013372,-0.000007012,-0.000000924
-87.483,-0.000191447,-0.000096168,-0.000050888,-0.000027377,-0.000013378,-0.000007011,-0.000000928
-87.7,-0.000191609,-0.000096225,-0.000050913,-0.00002739,-0.000013384,-0.000007009,-0.000000932
-87.916,-0.000191768,-0.000096282,-0.000050937,-0.000027402,-0.00001339,-0.000007008,-0.000000936
-88.133,-0.000191923,-0.000096338,-0.000050962,-0.000027414,-0.000013396,-0.000007007,-0.000000939
-88.349,-0.000192076,-0.000096395,-0.000050986,-0.000027426,-0.000013402,-0.000007006,-0.000000943
-88.566,-0.000192226,-0.000096452,-0.000051011,-0.000027439,-0.000013408,-0.000007005,-0.000000947
-88.782,-0.000192373,-0.000096508,-0.000051035,-0.000027451,-0.000013413,-0.000007004,-0.000000951
-88.999,-0.000192517,-0.000096565,-0.00005106,-0.000027463,-0.000013419,-0.000007002,-0.000000954
-89.215,-0.000192658,-0.000096621,-0.000051084,-0.000027475,-0.000013425,-0.000007001,-0.000000958
-89.432,-0.000192796,-0.000096678,-0.000051108,-0.000027487,-0.000013431,-0.000007,-0.000000962
-89.648,-0.000192932,-0.000096734,-0.000051133,-0.0000275,-0.000013437,-0.000006999,-0.000000966
-89.865,-0.000193064,-0.000096791,-0.000051157,-0.000027512,-0.000013443,-0.000006998,-0.000000969
-90.081,-0.000193194,-0.000096847,-0.000051181,-0.000027524,-0.000013449,-0.000006996,-0.000000973
-90.298,-0.000193322,-0.000096903,-0.000051205,-0.000027536,-0.000013455,-0.000006995,-0.000000977
-90.514,-0.000193446,-0.000096959,-0.000051229,-0.000027548,-0.000013461,-0.000006994,-0.000000981
-90.731,-0.000193568,-0.000097015,-0.000051253,-0.00002756,-0.000013467,-0.000006993,-0.000000985
-90.947,-0.000193687,-0.000097071,-0.000051277,-0.000027573,-0.000013473,-0.000006991,-0.000000988
-91.164,-0.000193804,-0.000097127,-0.0000513,-0.000027585,-0.000013478,-0.00000699,-0.000000992
-91.38,-0.000193918,-0.000097183,-0.000051324,-0.000027597,-0.000013484,-0.000006989,-0.000000996
-91.597,-0.000194029,-0.000097239,-0.000051348,-0.000027609,-0.00001349,-0.000006988,-0.000001
-91.813,-0.000194138,-0.000097295,-0.000051371,-0.000027621,-0.000013496,-0.000006987,-0.000001003
-92.03,-0.000194245,-0.00009735,-0.000051395,-0.000027633,-0.000013502,-0.000006985,-0.000001007
-92.246,-0.000194349,-0.000097406,-0.000051418,-0.000027645,-0.000013508,-0.000006984,-0.000001011
-92.463,-0.00019445,-0.000097462,-0.000051442,-0.000027657,-0.000013514,-0.000006983,-0.000001015
-92.679,-0.000194549,-0.000097517,-0.000051465,-0.000027669,-0.00001352,-0.000006982,-0.000001018
-92.895,-0.000194646,-0.000097573,-0.000051489,-0.000027681,-0.000013526,-0.00000698,-0.000001022
-93.112,-0.000194741,-0.000097628,-0.000051512,-0.000027693,-0.000013532,-0.000006979,-0.000001026
-93.328,-0.000194833,-0.000097684,-0.000051535,-0.000027705,-0.000013538,-0.000006978,-0.00000103
-93.545,-0.000194923,-0.000097739,-0.000051558,-0.000027718,-0.000013544,-0.000006977,-0.000001034
-93.761,-0.000195011,-0.000097795,-0.000051581,-0.00002773,-0.00001355,-0.000006975,-0.000001037
-93.978,-0.000195097,-0.00009785,-0.000051605,-0.000027742,-0.000013556,-0.000006974,-0.000001041
-94.194,-0.000195181,-0.000097905,-0.000051628,-0.000027754,-0.000013561,-0.000006973,-0.000001045
-94.411,-0.000195262,-0.00009796,-0.000051651,-0.000027766,-0.000013567,-0.000006971,-0.000001049
-94.627,-0.000195342,-0.000098016,-0.000051673,-0.000027778,-0.000013573,-0.00000697,-0.000001052
-94.844,-0.00019542,-0.000098071,-0.000051696,-0.00002779,-0.000013579,-0.000006969,-0.000001056
-95.06,-0.000195495,-0.000098126,-0.000051719,-0.000027802,-0.000013585,-0.000006968,-0.00000106
-95.277,-0.000195569,-0.000098181,-0.000051742,-0.000027814,-0.000013591,-0.000006966,-0.000001064
-95.493,-0.000195641,-0.000098236,-0.000051765,-0.000027826,-0.000013597,-0.000006965,-0.000001067
-95.71,-0.000195712,-0.000098291,-0.000051787,-0.000027838,-0.000013603,-0.000006964,-0.000001071
-95.926,-0.00019578,-0.000098346,-0.00005181,-0.00002785,-0.000013609,-0.000006962,-0.000001075
-96.143,-0.000195847,-0.000098401,-0.000051832,-0.000027861,-0.000013615,-0.000006961,-0.000001079
-96.359,-0.000195912,-0.000098456,-0.000051855,-0.000027873,-0.000013621,-0.00000696,-0.000001082
-96.576,-0.000195976,-0.000098511,-0.000051877,-0.000027885,-0.000013627,-0.000006959,-0.000001086
-96.792,-0.000196038,-0.000098566,-0.0000519,-0.000027897,-0.000013633,-0.000006957,-0.00000109
-97.009,-0.000196099,-0.000098621,-0.000051922,-0.000027909,-0.000013639,-0.000006956,-0.000001094
-97.225,-0.000196158,-0.000098676,-0.000051944,-0.000027921,-0.000013645,-0.000006955,-0.000001098
-97.442,-0.000196216,-0.000098731,-0.000051967,-0.000027933,-0.000013651,-0.000006953,-0.000001101
-97.658,-0.000196272,-0.000098785,-0.000051989,-0.000027945,-0.000013656,-0.000006952,-0.000001105
-97.875,-0.000196327,-0.00009884,-0.000052011,-0.000027957,-0.000013662,-0.000006951,-0.000001109
-98.091,-0.000196381,-0.000098895,-0.000052033,-0.000027969,-0.000013668,-0.000006949,-0.000001113
-98.308,-0.000196434,-0.00009895,-0.000052055,-0.000027981,-0.000013674,-0.000006948,-0.000001116
-98.524,-0.000196486,-0.000099004,-0.000052077,-0.000027993,-0.00001368,-0.000006947,-0.00000112
-98.741,-0.000196537,-0.000099059,-0.000052099,-0.000028005,-0.000013686,-0.000006946,-0.000001124
-98.957,-0.000196586,-0.000099114,-0.000052121,-0.000028017,-0.000013692,-0.000006944,-0.000001128
-99.174,-0.000196635,-0.000099168,-0.000052142,-0.000028029,-0.000013698,-0.000006943,-0.000001131
-99.39,-0.000196683,-0.000099223,-0.000052164,-0.000028041,-0.000013704,-0.000006942,-0.000001135
-99.607,-0.00019673,-0.000099278,-0.000052186,-0.000028052,-0.00001371,-0.00000694,-0.000001139
-99.823,-0.000196776,-0.000099332,-0.000052208,-0.000028064,-0.000013716,-0.000006939,-0.000001143
-100.04,-0.000196822,-0.000099387,-0.000052229,-0.000028076,-0.000013722,-0.000006938,-0.000001147
-100.256,-0.000196867,-0.000099442,-0.000052251,-0.000028088,-0.000013728,-0.000006936,-0.00000115
-100.473,-0.000196911,-0.000099496,-0.000052272,-0.0000281,-0.000013734,-0.000006935,-0.000001154
-100.689,-0.000196955,-0.000099551,-0.000052294,-0.000028112,-0.00001374,-0.000006934,-0.000001158
-100.906,-0.000196998,-0.000099605,-0.000052315,-0.000028124,-0.000013746,-0.000006932,-0.000001162
-101.122,-0.000197041,-0.00009966,-0.000052336,-0.000028136,-0.000013752,-0.000006931,-0.000001165
-101.339,-0.000197084,-0.000099714,-0.000052358,-0.000028148,-0.000013758,-0.00000693,-0.000001169
-101.555,-0.000197126,-0.000099769,-0.000052379,-0.000028159,-0.000013764,-0.000006928,-0.000001173
-101.772,-0.000197168,-0.000099823,-0.0000524,-0.000028171,-0.00001377,-0.000006927,-0.000001177
-101.988,-0.000197209,-0.000099878,-0.000052421,-0.000028183,-0.000013775,-0.000006926,-0.00000118
-102.205,-0.000197251,-0.000099933,-0.000052442,-0.000028195,-0.000013781,-0.000006925,-0.000001184
-102.421,-0.000197293,-0.000099987,-0.000052463,-0.000028207,-0.000013787,-0.000006923,-0.000001188
-102.638,-0.000197334,-0.000100042,-0.000052484,-0.000028219,-0.000013793,-0.000006922,-0.000001192
-102.854,-0.000197376,-0.000100096,-0.000052505,-0.000028231,-0.000013799,-0.000006921,-0.000001196
-103.071,-0.000197418,-0.000100151,-0.000052526,-0.000028243,-0.000013805,-0.000006919,-0.000001199
-103.287,-0.00019746,-0.000100205,-0.000052546,-0.000028255,-0.000013811,-0.000006918,-0.000001203
-103.504,-0.000197502,-0.00010026,-0.000052567,-0.000028266,-0.000013817,-0.000006917,-0.000001207
-103.72,-0.000197545,-0.000100314,-0.000052274,-0.000028278,-0.000013823,-0.000006915,-0.000001211
-103.937,-0.000197587,-0.000100369,-0.000052072,-0.00002829,-0.000013829,-0.000006914,-0.000001214
